Project;File;Release Date;Table Name;A1;A2;A3;A4;A5;A6;A7;A8;A9;A10;A11;A12;A13;A14;A15;A16;A17;A18;A19;A20;A21;A22;A23;A24;A25;A26;Number Of Columns
project_0;file_0;2020-01-15;table_0;1;0;0;0;0;0;0;0;0;0;0;0;0;0;0;0;0;1;0;0;0;0;0;0;0;0;2
project_1;file_1;2016-04-19;table_1;1;0;0;0;0;0;0;0;0;1;0;0;0;0;0;0;0;0;0;0;0;0;0;0;0;0;3
project_2;file_2;2020-01-07;table_6;1;0;0;0;0;0;0;0;0;0;0;1;0;0;0;0;0;0;0;0;0;0;0;0;0;0;3
project_2;file_2;2020-01-07;table_2;1;1;0;0;0;0;0;0;0;0;0;1;0;0;0;0;0;1;0;0;0;0;0;0;0;0;8
project_2;file_2;2020-01-07;table_3;1;0;0;0;0;0;0;0;0;0;0;2;0;0;0;0;0;2;0;0;0;0;0;0;0;0;9
project_2;file_2;2020-01-07;table_4;1;0;0;0;0;0;0;0;0;1;0;0;0;0;0;0;0;0;0;0;0;0;0;0;0;0;4
project_2;file_2;2020-01-07;table_7;1;0;0;0;0;0;0;0;0;1;0;2;0;0;0;0;0;2;0;0;0;0;0;0;0;0;3
project_2;file_2;2020-01-07;table_5;1;0;0;0;0;0;0;0;0;0;0;1;0;0;0;0;0;1;0;0;0;0;0;0;0;0;6
project_2;file_3;2020-07-20;table_2;0;0;0;0;0;0;0;1;0;0;0;0;0;0;0;0;0;0;0;0;0;0;0;0;0;0;8
project_2;file_4;2020-07-30;table_5;0;1;0;0;0;0;0;0;0;0;0;0;0;0;0;0;0;0;0;0;1;0;0;0;0;0;6
project_3;file_5;2015-12-29;table_8;1;0;0;0;0;0;0;0;0;0;0;0;0;0;0;0;0;0;0;0;0;0;0;0;0;0;23
project_3;file_6;2016-01-08;table_8;0;0;0;0;0;0;0;0;0;0;0;0;0;0;0;0;0;0;0;1;1;0;0;0;0;0;23
project_3;file_7;2016-01-17;table_8;0;1;0;0;0;0;0;0;0;0;0;0;0;0;0;0;0;0;0;0;1;0;0;0;0;0;23
project_3;file_8;2016-01-17;table_8;0;0;0;0;0;0;0;0;0;0;0;0;0;0;0;0;0;0;0;1;1;0;0;0;0;0;23
project_3;file_9;2016-04-16;table_8;0;1;0;0;0;0;0;0;0;0;0;0;0;0;0;0;0;0;0;0;1;0;0;0;0;0;23
project_3;file_10;2016-09-20;table_8;0;0;0;0;0;0;0;0;0;0;0;0;0;0;0;0;0;0;0;1;1;0;0;0;0;0;23
project_3;file_11;2016-09-24;table_8;0;1;0;0;0;0;0;0;0;0;0;0;0;0;0;0;0;0;0;0;1;0;0;0;0;0;23
project_3;file_12;2016-10-18;table_8;0;1;0;0;0;0;0;0;0;0;0;0;0;0;0;0;0;0;0;0;1;0;0;0;0;0;23
project_3;file_13;2016-12-22;table_8;0;0;0;0;0;1;0;0;0;0;0;0;0;0;0;0;0;0;0;0;0;0;0;0;0;0;23
project_3;file_14;2017-01-30;table_8;0;0;0;0;0;1;0;0;0;0;0;0;0;0;0;0;0;0;0;0;0;0;0;0;0;0;23
project_3;file_15;2017-02-07;table_8;0;0;0;0;0;0;0;0;0;0;0;0;0;0;0;0;0;0;0;0;0;0;0;1;0;0;23
project_3;file_16;2017-03-28;table_9;1;0;0;0;0;0;0;0;0;1;0;2;0;0;0;0;0;2;0;0;0;0;0;0;0;0;3
project_3;file_17;2017-05-24;table_8;0;1;0;0;0;0;0;0;0;0;0;1;0;0;0;0;0;1;0;0;0;0;0;0;0;0;23
project_3;file_18;2017-06-05;table_10;1;0;0;0;0;0;0;0;0;0;0;0;0;0;0;0;0;0;0;0;0;0;0;0;0;0;9
project_3;file_19;2017-08-07;table_8;0;1;0;0;0;0;0;0;0;0;0;0;0;0;0;0;0;0;0;0;1;0;0;0;0;0;23
project_3;file_20;2017-08-07;table_8;0;0;0;0;0;0;0;0;0;0;0;0;0;0;0;0;0;0;0;1;1;0;0;0;0;0;23
project_3;file_21;2017-08-22;table_8;0;1;0;0;0;0;0;0;0;0;0;0;0;0;0;0;0;0;0;0;0;0;0;0;0;0;23
project_3;file_22;2017-09-14;table_8;0;1;0;0;0;0;0;0;0;0;0;0;0;0;0;0;0;0;0;0;1;0;0;0;0;0;23
project_3;file_23;2017-11-09;table_8;0;1;0;0;0;0;0;0;0;0;0;0;0;0;0;0;0;0;0;0;1;0;0;0;0;0;23
project_3;file_24;2018-02-05;table_8;0;1;0;0;0;0;0;0;0;0;0;0;0;0;0;0;0;0;0;0;1;0;0;0;0;0;23
project_3;file_25;2018-02-23;table_8;0;1;0;0;0;0;0;0;0;0;0;0;0;0;0;0;0;0;0;0;1;0;0;0;0;0;23
project_3;file_26;2018-06-18;table_8;0;0;0;0;0;0;0;0;0;0;0;0;0;0;0;0;0;0;0;1;1;0;0;0;0;0;23
project_3;file_27;2018-11-12;table_8;0;0;0;0;0;0;0;0;0;0;0;0;0;0;0;0;0;0;0;1;1;0;0;0;0;0;23
project_3;file_28;2019-01-17;table_8;0;0;0;0;0;1;0;0;0;0;0;0;0;0;0;0;0;0;0;0;0;0;0;0;0;0;23
project_3;file_29;2019-03-01;table_8;0;1;0;0;0;0;0;0;0;0;0;0;0;0;0;0;0;0;0;0;1;0;0;0;0;0;23
project_3;file_30;2019-06-11;table_8;0;2;0;0;0;0;0;0;0;0;0;0;0;0;0;0;0;0;0;0;0;0;0;0;0;0;23
project_3;file_31;2019-09-06;table_8;0;1;0;0;0;0;0;0;0;0;0;0;0;0;0;0;0;0;0;0;1;0;0;0;0;0;23
project_3;file_32;2019-12-10;table_8;0;0;0;0;0;0;0;0;0;0;0;0;0;0;0;0;0;0;0;1;1;0;0;0;0;0;23
project_3;file_33;2020-01-07;table_8;0;1;0;0;0;0;0;0;0;0;0;0;0;0;0;0;0;0;0;0;1;0;0;0;0;0;23
project_3;file_34;2020-04-02;table_8;0;1;0;0;0;0;0;0;0;0;0;0;0;0;0;0;0;0;0;0;1;0;0;0;0;0;23
project_3;file_35;2020-04-06;table_8;0;1;0;0;0;0;0;0;0;0;0;0;0;0;0;0;0;0;0;0;1;0;0;0;0;0;23
project_3;file_36;2020-08-31;table_8;0;1;0;0;0;0;0;0;0;0;0;0;0;0;0;0;0;0;0;0;1;0;0;0;0;0;23
project_3;file_37;2020-09-28;table_8;0;1;0;0;0;0;0;0;0;0;0;0;0;0;0;0;0;0;0;0;1;0;0;0;0;0;23
project_3;file_38;2020-09-30;table_8;0;0;0;0;0;0;0;1;0;0;0;0;0;0;0;0;0;0;0;0;0;0;0;0;0;0;23
project_3;file_39;2020-09-30;table_8;0;0;0;0;0;0;0;1;0;0;0;0;0;0;0;0;0;0;0;0;0;0;0;0;0;0;23
project_3;file_40;2020-11-12;table_8;0;1;0;0;0;0;0;0;0;0;0;0;0;0;0;0;0;0;0;0;1;0;0;0;0;0;23
project_4;file_41;2019-11-24;table_12;1;0;0;0;0;0;0;0;0;1;0;2;0;0;0;0;0;2;0;0;0;0;0;0;0;0;5
project_4;file_41;2019-11-24;table_11;1;0;0;0;0;0;0;0;0;1;0;1;0;0;0;0;0;1;0;0;0;0;0;0;0;0;6
project_4;file_42;2020-06-03;table_11;0;1;0;0;0;0;0;0;0;1;0;0;0;0;0;0;0;0;0;0;0;0;0;0;0;0;6
project_5;file_43;2020-06-30;table_13;1;0;0;0;0;0;0;0;0;0;0;0;0;0;0;0;0;0;0;0;0;0;0;0;0;0;8
project_5;file_43;2020-06-30;table_14;1;0;0;0;0;0;0;0;0;0;0;1;0;0;0;0;0;1;0;0;0;0;0;0;0;0;5
project_5;file_44;2020-07-01;table_13;0;0;0;0;0;0;0;1;0;0;0;0;0;0;0;0;0;0;0;0;0;0;0;0;0;0;8
project_6;file_45;2019-05-31;table_15;1;0;0;0;0;0;0;0;0;0;0;0;0;0;0;0;0;0;0;0;0;0;0;0;0;0;6
project_7;file_46;2019-09-06;table_18;1;0;0;0;0;0;0;0;0;1;0;2;0;0;0;0;0;2;0;0;0;0;0;0;0;0;3
project_7;file_46;2019-09-06;table_16;1;1;0;0;0;0;0;0;0;0;0;1;0;0;0;0;0;2;0;0;0;0;0;0;0;0;6
project_7;file_46;2019-09-06;table_19;1;0;0;0;0;0;0;0;0;0;0;0;0;0;0;0;0;0;0;0;0;0;0;0;0;0;6
project_7;file_46;2019-09-06;table_17;1;0;0;0;0;0;0;0;0;0;0;1;0;0;0;0;0;0;0;0;0;0;0;0;0;0;2
project_7;file_47;2019-11-11;table_26;1;0;0;0;0;0;0;0;0;1;0;2;0;0;0;0;0;2;0;0;0;0;0;0;0;0;3
project_7;file_47;2019-11-11;table_23;1;0;0;0;0;0;0;0;0;0;0;1;0;0;0;0;0;1;0;0;0;0;0;0;0;0;10
project_7;file_47;2019-11-11;table_20;1;0;0;0;0;0;0;0;0;0;0;1;0;0;0;0;0;1;0;0;0;0;0;0;0;0;4
project_7;file_47;2019-11-11;table_24;1;0;0;0;0;0;0;0;0;0;0;1;0;0;0;0;0;1;0;0;0;0;0;0;0;0;6
project_7;file_47;2019-11-11;table_25;1;0;0;0;0;0;0;0;0;1;0;2;0;0;0;0;0;2;0;0;0;0;0;0;0;0;3
project_7;file_47;2019-11-11;table_21;1;0;0;0;0;0;0;0;0;0;0;1;0;0;0;0;0;1;0;0;0;0;0;0;0;0;9
project_7;file_47;2019-11-11;table_22;1;0;0;0;0;0;0;0;0;1;0;2;0;0;0;0;0;2;0;0;0;0;0;0;0;0;3
project_7;file_48;2019-11-11;table_17;0;1;0;0;0;0;0;0;0;0;0;0;0;0;0;0;0;0;0;0;1;0;0;0;0;0;2
project_8;file_49;2020-03-22;table_27;1;0;0;0;0;0;0;0;0;0;0;0;0;0;0;0;0;4;0;0;0;0;0;0;0;0;5
project_8;file_50;2020-03-30;table_27;0;1;0;0;0;0;0;0;0;0;0;0;0;0;0;0;0;0;0;0;1;0;0;0;0;0;5
project_9;file_51;2018-09-04;table_28;1;0;0;0;0;0;0;0;0;0;0;1;0;0;0;0;0;1;0;0;0;0;0;0;0;0;7
project_9;file_52;2019-02-04;table_28;0;0;0;0;0;0;0;1;0;0;0;0;0;0;0;0;0;0;0;0;0;0;0;0;0;0;7
project_10;file_53;2015-01-14;table_42;1;0;0;0;0;0;0;0;0;0;0;0;0;0;0;0;0;1;0;0;0;0;0;0;0;0;4
project_10;file_53;2015-01-14;table_41;1;0;0;0;0;0;0;0;0;1;0;2;0;0;0;0;0;2;0;0;0;0;0;0;0;0;3
project_10;file_53;2015-01-14;table_30;1;0;0;0;0;0;0;0;0;1;0;2;0;0;0;0;0;2;0;0;0;0;0;0;0;0;3
project_10;file_53;2015-01-14;table_31;1;0;0;0;0;0;0;0;0;1;0;2;0;0;0;0;0;2;0;0;0;0;0;0;0;0;3
project_10;file_53;2015-01-14;table_44;1;0;0;0;0;0;0;0;0;1;0;2;0;0;0;0;0;2;0;0;0;0;0;0;0;0;3
project_10;file_53;2015-01-14;table_35;1;1;0;0;0;0;0;0;0;1;0;2;0;0;0;0;0;2;0;0;0;0;0;0;0;0;3
project_10;file_53;2015-01-14;table_33;1;2;0;0;0;0;0;0;0;0;0;2;0;0;0;0;0;1;0;0;0;0;0;0;0;0;3
project_10;file_53;2015-01-14;table_34;1;0;0;0;0;0;0;0;0;1;0;0;0;0;0;0;0;0;0;0;0;0;0;0;0;0;10
project_10;file_53;2015-01-14;table_37;1;0;0;0;0;0;0;0;0;0;0;0;0;0;0;0;0;0;0;0;0;0;0;0;0;0;3
project_10;file_53;2015-01-14;table_43;1;0;0;0;0;0;0;0;0;0;0;0;0;0;0;0;0;1;0;0;0;0;0;0;0;0;2
project_10;file_53;2015-01-14;table_40;1;0;0;0;0;0;0;0;0;1;0;1;0;0;0;0;0;5;0;0;0;0;0;0;0;0;8
project_10;file_53;2015-01-14;table_29;1;0;0;0;0;0;0;0;0;0;0;0;0;0;0;0;0;1;0;0;0;0;0;0;0;0;11
project_10;file_53;2015-01-14;table_39;1;1;0;0;0;0;0;0;0;0;0;1;0;0;0;0;0;1;0;0;0;0;0;0;0;0;11
project_10;file_53;2015-01-14;table_36;1;1;0;0;0;0;0;0;0;1;0;3;0;0;0;0;0;3;0;0;0;0;0;0;0;0;3
project_10;file_53;2015-01-14;table_38;1;2;0;0;0;0;0;0;0;1;0;4;0;0;0;0;0;4;0;0;0;0;0;0;0;0;15
project_10;file_53;2015-01-14;table_32;1;1;0;0;0;0;0;0;0;1;0;1;0;0;0;0;0;1;0;0;0;0;0;0;0;0;5
project_10;file_54;2015-03-05;table_38;0;2;0;0;0;0;2;0;0;0;0;0;0;0;0;0;0;0;0;0;2;0;0;0;0;0;15
project_10;file_55;2015-03-05;table_38;0;2;0;0;0;0;0;0;0;0;0;1;0;0;0;0;0;1;0;0;2;0;0;0;0;0;15
project_10;file_56;2015-03-05;table_38;0;0;0;0;0;0;0;0;0;0;0;0;0;0;0;0;0;0;0;1;1;0;0;0;0;0;15
project_10;file_57;2015-03-10;table_38;0;0;0;0;0;0;0;1;0;0;0;0;0;0;0;0;0;0;0;0;0;0;0;0;0;0;15
project_10;file_58;2015-03-30;table_39;0;2;0;0;0;1;0;0;0;0;0;0;0;0;0;0;0;0;0;0;2;0;0;0;0;0;11
project_10;file_59;2015-03-30;table_38;0;4;0;0;0;1;0;0;0;0;0;0;0;0;0;0;0;0;0;0;4;0;0;0;0;0;15
project_10;file_60;2015-03-30;table_39;0;1;0;0;0;0;0;0;0;0;0;0;0;0;0;0;0;0;0;0;1;0;0;0;0;0;11
project_10;file_61;2015-04-26;table_38;0;1;0;0;0;0;0;0;0;0;0;0;0;0;0;0;0;0;0;0;1;0;0;0;0;0;15
project_10;file_62;2015-05-27;table_44;0;0;0;0;0;0;0;0;0;0;0;2;2;0;0;0;0;0;0;0;0;0;0;0;0;0;3
project_10;file_63;2015-06-25;table_45;1;0;0;0;0;0;0;0;0;1;0;2;0;0;0;0;0;2;0;0;0;0;0;0;0;0;3
project_10;file_64;2015-06-25;table_45;0;0;0;0;0;0;0;0;0;0;0;2;2;0;0;0;0;0;0;0;0;0;0;0;0;0;3
project_10;file_65;2015-07-02;table_39;0;1;0;0;0;0;0;0;0;0;0;0;0;0;0;0;0;0;0;0;1;0;0;0;0;0;11
project_10;file_66;2015-07-05;table_46;1;0;0;0;0;0;0;0;0;0;0;0;0;0;0;0;0;0;0;0;0;0;0;0;0;0;2
project_10;file_67;2015-07-08;table_39;0;1;0;0;0;0;0;0;0;0;0;0;0;0;0;0;0;0;0;0;1;0;0;0;0;0;11
project_10;file_68;2015-07-08;table_39;0;0;0;0;0;0;1;0;0;0;0;0;0;0;0;0;0;0;0;0;0;0;0;0;0;0;11
project_10;file_69;2015-07-11;table_38;0;1;0;0;0;0;0;0;0;0;0;0;0;0;0;0;0;0;0;0;1;0;0;0;0;0;15
project_10;file_70;2015-07-11;table_34;0;1;0;0;0;0;0;0;0;0;0;0;0;0;0;0;0;0;0;0;1;0;0;0;0;0;10
project_10;file_71;2015-07-12;table_34;0;1;0;0;0;0;0;0;0;0;0;0;0;0;0;0;0;0;0;0;0;0;0;0;0;0;10
project_10;file_72;2015-07-15;table_39;0;1;0;0;0;0;0;0;0;0;0;0;0;0;0;0;0;0;0;0;1;0;0;0;0;0;11
project_10;file_73;2015-07-26;table_38;0;1;0;0;0;0;0;0;0;0;0;0;0;0;0;0;0;0;0;0;1;0;0;0;0;0;15
project_10;file_74;2015-11-02;table_39;0;6;0;0;0;0;0;0;0;0;0;0;0;0;0;0;0;0;0;0;2;0;0;0;0;0;11
project_10;file_75;2015-12-24;table_29;0;2;0;0;0;2;0;0;0;1;0;0;0;0;0;0;0;1;0;0;2;0;0;0;0;0;11
project_10;file_76;2015-12-29;table_46;0;0;0;1;0;0;0;0;0;0;0;0;0;0;0;0;0;0;0;0;0;0;0;0;0;0;2
project_10;file_77;2015-12-24;table_34;0;0;0;0;0;0;0;0;0;0;0;0;0;0;0;0;0;0;0;0;0;0;0;2;0;0;10
project_10;file_78;2015-12-24;table_47;1;0;0;0;0;0;0;0;0;0;0;2;0;0;0;0;0;2;0;0;0;0;0;0;0;0;4
project_10;file_79;2015-12-24;table_47;0;0;0;0;0;0;0;0;0;1;0;0;0;0;0;0;0;0;0;0;0;0;0;0;0;0;4
project_10;file_80;2016-01-25;table_34;0;1;0;0;0;0;0;0;0;0;0;0;0;0;0;0;0;0;0;0;1;0;0;0;0;0;10
project_10;file_81;2016-01-25;table_39;0;1;0;0;0;0;0;0;0;0;0;0;0;0;0;0;0;0;0;0;1;0;0;0;0;0;11
project_10;file_82;2016-02-02;table_34;0;1;0;0;0;0;0;0;0;0;0;0;0;0;0;0;0;0;0;0;0;0;0;0;0;0;10
project_10;file_83;2016-02-03;table_34;0;0;0;0;0;0;1;0;0;0;0;0;0;0;0;1;0;0;0;0;0;0;0;0;0;0;10
project_10;file_83;2016-02-03;table_38;0;0;0;0;0;0;1;0;0;0;0;0;0;0;0;1;0;0;0;0;0;0;0;0;0;0;15
project_10;file_83;2016-02-03;table_39;0;0;0;0;0;0;1;0;0;0;0;0;0;0;0;1;0;0;0;0;0;0;0;0;0;0;11
project_10;file_84;2016-02-03;table_34;0;1;0;0;0;0;0;0;0;0;0;0;0;0;0;0;0;0;0;0;0;0;0;0;0;0;10
project_10;file_85;2016-02-03;table_34;0;0;0;0;0;0;1;0;0;0;0;0;0;0;0;1;0;0;0;0;0;0;0;0;0;0;10
project_10;file_86;2016-02-13;table_29;0;1;0;0;0;0;0;0;0;0;0;0;0;0;0;0;0;0;0;0;0;0;0;0;0;0;11
project_10;file_87;2016-02-14;table_48;1;0;0;0;0;0;0;0;0;0;0;0;0;0;0;0;0;1;0;0;0;0;0;0;0;0;2
project_10;file_87;2016-02-14;table_49;1;0;0;0;0;0;0;0;0;1;0;2;0;0;0;0;0;2;0;0;0;0;0;0;0;0;3
project_10;file_88;2016-04-06;table_33;0;0;0;0;0;1;0;0;0;0;0;0;0;0;0;0;0;0;0;0;0;0;0;0;0;0;3
project_10;file_88;2016-04-06;table_51;1;0;0;0;0;0;0;0;0;1;0;2;0;0;0;0;0;2;0;0;0;0;0;0;0;0;3
project_10;file_88;2016-04-06;table_52;1;0;0;0;0;0;0;0;0;1;0;2;0;0;0;0;0;2;0;0;0;0;0;0;0;0;3
project_10;file_88;2016-04-06;table_50;1;3;0;0;0;0;0;0;0;0;0;5;0;0;0;0;0;9;0;0;0;0;0;0;0;0;18
project_10;file_88;2016-04-06;table_39;0;1;0;0;0;0;0;0;0;0;0;0;0;0;0;0;0;0;0;0;1;0;0;0;0;0;11
project_10;file_89;2016-04-19;table_34;0;1;0;0;0;0;0;0;0;0;0;1;0;0;0;0;0;1;0;0;0;0;0;0;0;0;10
project_10;file_90;2016-04-19;table_34;0;0;0;0;0;0;0;0;0;0;0;1;1;0;0;0;0;0;0;0;0;0;0;0;0;0;10
project_10;file_90;2016-04-19;table_39;0;1;0;0;0;0;0;0;0;0;0;1;0;0;0;0;0;1;0;0;0;0;0;0;0;0;11
project_10;file_91;2016-04-25;table_39;0;1;0;0;0;0;0;0;0;0;0;0;0;0;0;0;0;0;0;0;0;0;0;0;0;0;11
project_10;file_92;2016-04-28;table_39;0;1;0;0;0;0;0;0;0;0;0;0;0;0;0;0;0;0;0;0;1;0;0;0;0;0;11
project_10;file_93;2016-04-28;table_39;0;0;0;0;0;1;0;0;0;0;0;0;0;0;0;0;0;0;0;0;0;0;0;0;0;0;11
project_10;file_94;2016-05-08;table_39;0;1;0;0;0;0;0;0;0;0;0;0;0;0;0;0;0;0;0;0;1;0;0;0;0;0;11
project_10;file_95;2016-05-08;table_34;0;1;0;0;0;0;0;0;0;0;0;0;0;0;0;0;0;0;0;0;1;0;0;0;0;0;10
project_10;file_95;2016-05-08;table_39;0;1;0;0;0;0;0;0;0;0;0;0;0;0;0;0;0;0;0;0;1;0;0;0;0;0;11
project_10;file_96;2016-05-10;table_34;0;2;0;0;0;0;0;0;0;0;0;0;0;0;0;0;0;0;0;0;2;0;0;0;0;0;10
project_10;file_97;2016-05-25;table_53;1;0;0;0;0;0;0;0;0;1;0;3;0;0;0;0;0;3;0;0;0;0;0;0;0;0;8
project_10;file_98;2016-05-30;table_50;0;0;0;0;0;0;0;0;0;0;0;0;0;0;0;0;0;0;0;1;1;0;0;0;0;0;18
project_10;file_99;2016-05-31;table_34;0;0;0;0;0;0;0;0;0;0;0;0;0;0;0;0;0;0;0;0;0;0;0;1;0;0;10
project_10;file_100;2016-06-26;table_38;0;1;0;0;0;0;0;0;0;0;0;0;0;0;0;0;0;0;0;0;1;0;0;0;0;0;15
project_10;file_101;2016-07-07;table_34;0;5;0;0;0;0;0;0;0;0;0;1;0;0;0;0;0;2;0;0;3;0;0;0;0;0;10
project_10;file_102;2016-08-19;table_34;0;1;0;0;0;0;0;0;0;0;0;0;0;0;0;0;0;0;0;0;1;0;0;0;0;0;10
project_10;file_103;2016-08-30;table_34;0;0;0;0;0;0;0;0;0;0;0;0;0;0;0;0;0;0;0;1;1;0;0;0;0;0;10
project_10;file_104;2016-09-20;table_34;0;1;0;0;0;0;0;0;0;0;0;0;0;0;0;0;0;0;0;0;0;0;0;0;0;0;10
project_10;file_105;2016-09-26;table_38;0;2;0;0;0;0;0;0;0;0;0;0;0;0;0;0;0;0;0;0;2;0;0;0;0;0;15
project_10;file_105;2016-09-26;table_39;0;1;0;0;0;0;0;0;0;0;0;0;0;0;0;0;0;0;0;0;1;0;0;0;0;0;11
project_10;file_106;2016-11-04;table_54;1;2;0;0;0;0;0;0;0;0;0;1;0;0;0;0;0;7;0;0;0;0;0;0;0;0;32
project_10;file_107;2016-11-06;table_45;0;0;0;0;0;0;0;0;0;0;0;2;2;0;0;0;0;0;0;0;0;0;0;0;0;0;3
project_10;file_108;2016-11-22;table_55;1;0;0;0;0;0;0;0;0;0;0;1;0;0;0;0;0;4;0;0;0;0;0;0;0;0;34
project_10;file_109;2016-11-24;table_55;0;2;0;0;0;0;0;0;0;0;0;0;0;0;0;0;0;0;0;0;2;0;0;0;0;0;34
project_10;file_109;2016-11-24;table_56;1;0;0;0;0;0;0;0;0;1;0;2;0;0;0;0;0;2;0;0;0;0;0;0;0;0;3
project_10;file_109;2016-11-24;table_39;0;2;0;0;0;0;0;0;0;0;0;1;1;0;0;0;0;0;0;0;2;0;0;0;0;0;11
project_10;file_110;2016-11-25;table_34;0;0;0;0;0;0;0;0;0;0;0;1;1;0;0;0;0;0;0;0;0;0;0;0;0;0;10
project_10;file_110;2016-11-25;table_39;0;0;0;0;0;0;0;0;0;0;0;1;1;0;0;0;0;0;0;0;0;0;0;0;0;0;11
project_10;file_111;2016-11-27;table_42;0;0;0;0;0;1;1;0;0;0;0;0;0;0;0;0;0;0;0;0;0;0;0;0;0;0;4
project_10;file_112;2016-11-28;table_54;0;1;0;0;0;0;0;0;0;0;0;0;0;0;0;0;0;0;0;0;1;0;0;0;0;0;32
project_10;file_112;2016-11-28;table_38;0;1;0;0;0;0;0;0;0;0;0;0;0;0;0;0;0;0;0;0;1;0;0;0;0;0;15
project_10;file_113;2016-12-02;table_57;1;0;0;0;0;0;0;0;0;1;0;2;0;0;0;0;0;2;0;0;0;0;0;0;0;0;3
project_10;file_114;2016-12-07;table_34;0;1;0;0;0;0;0;0;0;0;0;0;0;0;0;0;0;0;0;0;0;0;0;0;0;0;10
project_10;file_114;2016-12-07;table_35;0;0;0;0;0;0;0;0;0;0;0;0;0;0;0;0;0;0;0;0;0;0;0;1;0;0;3
project_10;file_115;2016-12-09;table_34;0;1;0;0;0;0;0;0;0;0;0;0;0;0;0;0;0;0;0;0;1;0;0;0;0;0;10
project_10;file_116;2016-12-21;table_34;0;1;0;0;0;0;0;0;0;0;0;0;0;0;0;0;0;0;0;0;1;0;0;0;0;0;10
project_10;file_117;2016-12-29;table_33;0;0;0;0;0;0;0;0;0;0;0;1;1;0;0;0;0;0;0;0;0;0;0;0;0;0;3
project_10;file_118;2016-12-30;table_50;0;2;0;0;0;0;0;0;0;0;0;0;0;0;0;0;0;0;0;0;0;0;0;0;0;0;18
project_10;file_119;2017-01-11;table_34;0;1;0;0;0;0;0;0;0;0;0;1;0;0;0;0;0;1;0;0;0;0;0;0;0;0;10
project_10;file_119;2017-01-11;table_58;1;0;0;0;0;0;0;0;0;0;0;0;0;0;0;0;0;1;0;0;0;0;0;0;0;0;2
project_10;file_120;2017-01-11;table_34;0;0;0;0;0;1;0;0;0;0;0;0;0;0;0;0;0;0;0;0;0;0;0;0;0;0;10
project_10;file_121;2017-01-11;table_34;0;0;0;0;0;0;1;0;0;0;0;0;0;0;0;0;0;0;0;0;0;0;0;0;0;0;10
project_10;file_122;2017-01-12;table_54;0;0;0;0;0;0;0;0;0;0;0;0;0;0;0;0;0;3;0;0;0;0;0;0;0;0;32
project_10;file_122;2017-01-12;table_38;0;0;0;0;0;0;0;0;0;0;0;0;0;0;0;0;0;3;0;0;0;0;0;0;0;0;15
project_10;file_123;2017-01-13;table_54;0;2;0;0;0;0;0;0;0;0;0;0;0;0;0;0;0;0;0;0;1;0;0;0;0;0;32
project_10;file_123;2017-01-13;table_55;0;1;0;0;0;0;0;0;0;0;0;0;0;0;0;0;0;0;0;0;1;0;0;0;0;0;34
project_10;file_123;2017-01-13;table_38;0;2;0;0;0;0;0;0;0;0;0;0;0;0;0;0;0;0;0;0;1;0;0;0;0;0;15
project_10;file_123;2017-01-13;table_39;0;1;0;0;0;0;0;0;0;0;0;0;0;0;0;0;0;0;0;0;1;0;0;0;0;0;11
project_10;file_124;2017-01-20;table_34;0;0;0;0;0;4;0;0;0;0;0;0;0;0;0;0;0;0;0;0;0;0;0;0;0;0;10
project_10;file_125;2017-01-21;table_34;0;1;0;0;0;0;0;0;0;0;0;0;0;0;0;0;0;0;0;0;1;0;0;0;0;0;10
project_10;file_126;2017-01-23;table_29;0;0;0;0;0;0;0;1;0;0;0;0;0;0;0;0;0;0;0;0;0;0;0;0;0;0;11
project_10;file_127;2017-01-31;table_54;0;0;0;0;0;1;0;0;0;0;0;0;0;0;0;0;0;0;0;0;0;0;0;0;0;0;32
project_10;file_127;2017-01-31;table_62;1;0;0;0;0;0;0;0;0;1;0;2;0;0;0;0;0;2;0;0;0;0;0;0;0;0;3
project_10;file_127;2017-01-31;table_60;1;0;0;0;0;0;0;0;0;1;0;2;0;0;0;0;0;2;0;0;0;0;0;0;0;0;3
project_10;file_127;2017-01-31;table_34;0;0;0;0;0;2;0;0;0;0;0;0;0;0;0;0;0;0;0;0;0;0;0;0;0;0;10
project_10;file_127;2017-01-31;table_61;1;0;0;0;0;0;0;0;0;1;0;2;0;0;0;0;0;2;0;0;0;0;0;0;0;0;3
project_10;file_127;2017-01-31;table_59;1;0;0;0;0;0;0;0;0;0;0;0;0;0;0;0;0;1;0;0;0;0;0;0;0;0;2
project_10;file_127;2017-01-31;table_55;0;0;0;0;0;1;0;0;0;0;0;0;0;0;0;0;0;0;0;0;0;0;0;0;0;0;34
project_10;file_127;2017-01-31;table_38;0;0;0;0;0;1;0;0;0;0;0;0;0;0;0;0;0;0;0;0;0;0;0;0;0;0;15
project_10;file_127;2017-01-31;table_39;0;0;0;0;0;1;0;0;0;0;0;0;0;0;0;0;0;0;0;0;0;0;0;0;0;0;11
project_10;file_128;2017-01-31;table_61;0;0;0;0;1;0;0;0;0;0;0;2;2;0;0;0;0;0;0;0;0;0;0;0;0;0;3
project_10;file_129;2017-02-03;table_54;0;0;0;0;0;0;0;0;0;0;0;0;0;0;0;0;0;0;0;1;1;0;0;0;0;0;32
project_10;file_129;2017-02-03;table_38;0;0;0;0;0;0;0;0;0;0;0;0;0;0;0;0;0;0;0;1;1;0;0;0;0;0;15
project_10;file_130;2017-02-06;table_54;0;1;0;0;0;0;0;0;0;0;0;0;0;0;0;0;0;0;0;0;1;0;0;0;0;0;32
project_10;file_130;2017-02-06;table_55;0;1;0;0;0;0;0;0;0;0;0;0;0;0;0;0;0;0;0;0;1;0;0;0;0;0;34
project_10;file_130;2017-02-06;table_38;0;1;0;0;0;0;0;0;0;0;0;0;0;0;0;0;0;0;0;0;1;0;0;0;0;0;15
project_10;file_130;2017-02-06;table_39;0;1;0;0;0;0;0;0;0;0;0;0;0;0;0;0;0;0;0;0;1;0;0;0;0;0;11
project_10;file_131;2017-02-15;table_34;0;1;0;0;0;0;0;0;0;0;0;0;0;0;0;0;0;0;0;0;1;0;0;0;0;0;10
project_10;file_132;2017-02-22;table_54;0;1;0;0;0;0;0;0;0;0;0;0;0;0;0;0;0;0;0;0;1;0;0;0;0;0;32
project_10;file_132;2017-02-22;table_38;0;1;0;0;0;0;0;0;0;0;0;0;0;0;0;0;0;0;0;0;1;0;0;0;0;0;15
project_10;file_133;2017-03-06;table_54;0;1;0;0;0;0;0;0;0;0;0;0;0;0;0;0;0;0;0;0;1;0;0;0;0;0;32
project_10;file_133;2017-03-06;table_38;0;1;0;0;0;0;0;0;0;0;0;0;0;0;0;0;0;0;0;0;1;0;0;0;0;0;15
project_10;file_134;2017-03-27;table_55;0;1;0;0;0;0;0;0;0;0;0;0;0;0;0;0;0;0;0;0;1;0;0;0;0;0;34
project_10;file_134;2017-03-27;table_39;0;1;0;0;0;0;0;0;0;0;0;0;0;0;0;0;0;0;0;0;1;0;0;0;0;0;11
project_10;file_135;2017-04-03;table_54;0;0;0;0;0;0;0;0;0;0;0;0;0;0;0;0;0;1;0;0;0;0;0;0;0;0;32
project_10;file_135;2017-04-03;table_38;0;0;0;0;0;0;0;0;0;0;0;0;0;0;0;0;0;1;0;0;0;0;0;0;0;0;15
project_10;file_136;2017-04-03;table_54;0;1;0;0;0;0;0;0;0;0;0;0;0;0;0;0;0;0;0;0;1;0;0;0;0;0;32
project_10;file_136;2017-04-03;table_38;0;1;0;0;0;0;0;0;0;0;0;0;0;0;0;0;0;0;0;0;1;0;0;0;0;0;15
project_10;file_137;2017-04-05;table_55;0;0;0;0;0;1;0;0;0;0;0;0;0;0;0;0;0;0;0;0;0;0;0;0;0;0;34
project_10;file_137;2017-04-05;table_39;0;0;0;0;0;1;0;0;0;0;0;0;0;0;0;0;0;0;0;0;0;0;0;0;0;0;11
project_10;file_138;2017-04-05;table_51;0;0;0;1;0;0;0;0;0;0;0;0;0;0;0;0;0;0;0;0;0;0;0;0;0;0;3
project_10;file_138;2017-04-05;table_39;0;0;0;0;0;1;0;0;0;0;0;0;0;0;0;0;0;0;0;0;0;0;0;0;0;0;11
project_10;file_138;2017-04-05;table_52;0;0;0;1;0;0;0;0;0;0;0;0;0;0;0;0;0;0;0;0;0;0;0;0;0;0;3
project_10;file_138;2017-04-05;table_50;0;0;0;1;0;5;0;0;0;0;0;0;0;0;0;0;0;0;0;0;0;0;0;0;0;0;18
project_10;file_138;2017-04-05;table_55;0;0;0;0;0;1;0;0;0;0;0;0;0;0;0;0;0;0;0;0;0;0;0;0;0;0;34
project_10;file_139;2017-04-12;table_54;0;3;0;0;0;0;0;0;0;0;0;0;0;0;0;0;0;0;0;1;4;0;0;2;0;0;32
project_10;file_139;2017-04-12;table_38;0;3;0;0;0;0;0;0;0;0;0;2;2;0;0;0;0;0;0;1;4;0;0;4;0;0;15
project_10;file_140;2017-05-02;table_55;0;1;0;0;0;0;0;0;0;0;0;0;0;0;0;0;0;0;0;0;1;0;0;0;0;0;34
project_10;file_140;2017-05-02;table_39;0;1;0;0;0;0;0;0;0;0;0;0;0;0;0;0;0;0;0;0;1;0;0;0;0;0;11
project_10;file_141;2017-05-02;table_34;0;1;0;0;0;0;0;0;0;0;0;0;0;0;0;0;0;0;0;0;0;0;0;0;0;0;10
project_10;file_142;2017-05-02;table_63;1;0;0;0;0;0;0;0;0;0;0;1;0;0;0;0;0;4;0;0;0;0;0;0;0;0;30
project_10;file_143;2017-05-15;table_54;0;0;0;0;0;1;0;0;0;0;0;0;0;0;0;0;0;0;0;0;0;0;0;0;0;0;32
project_10;file_143;2017-05-15;table_38;0;0;0;0;0;1;0;0;0;0;0;0;0;0;0;0;0;0;0;0;0;0;0;0;0;0;15
project_10;file_144;2017-05-22;table_34;0;0;0;0;0;0;1;0;0;0;0;0;0;0;0;0;0;0;0;0;0;0;0;0;0;0;10
project_10;file_144;2017-05-22;table_63;0;0;0;0;0;0;1;0;0;0;0;0;0;0;0;0;0;0;0;0;0;0;0;0;0;0;30
project_10;file_145;2017-05-24;table_37;0;2;0;0;0;0;0;0;0;0;0;1;0;0;0;0;0;1;0;0;0;0;0;0;0;0;3
project_10;file_146;2017-05-30;table_65;1;0;0;0;0;0;0;0;0;1;0;2;0;0;0;0;0;2;0;0;0;0;0;0;0;0;3
project_10;file_146;2017-05-30;table_64;1;0;0;0;0;0;0;0;0;0;0;1;0;0;0;0;0;1;0;0;0;0;0;0;0;0;8
project_10;file_146;2017-05-30;table_66;1;0;0;0;0;0;0;0;0;1;0;2;0;0;0;0;0;2;0;0;0;0;0;0;0;0;3
project_10;file_147;2017-06-05;table_67;1;0;0;0;0;0;0;0;0;0;0;2;0;0;0;0;0;2;0;0;0;0;0;0;0;0;7
project_10;file_147;2017-06-05;table_69;1;0;0;0;0;0;0;0;0;1;0;2;0;0;0;0;0;2;0;0;0;0;0;0;0;0;4
project_10;file_147;2017-06-05;table_68;1;0;0;0;0;0;0;0;0;1;0;2;0;0;0;0;0;2;0;0;0;0;0;0;0;0;3
project_10;file_147;2017-06-05;table_70;1;0;0;0;0;0;0;0;0;0;0;1;0;0;0;0;0;4;0;0;0;0;0;0;0;0;11
project_10;file_148;2017-06-05;table_55;0;0;0;0;0;1;0;0;0;0;0;0;0;0;0;0;0;0;0;0;0;0;0;0;0;0;34
project_10;file_148;2017-06-05;table_39;0;0;0;0;0;1;0;0;0;0;0;0;0;0;0;0;0;0;0;0;0;0;0;0;0;0;11
project_10;file_149;2017-06-20;table_54;0;1;0;0;0;0;0;0;0;0;0;0;0;0;0;0;0;0;0;0;1;0;0;0;0;0;32
project_10;file_149;2017-06-20;table_38;0;1;0;0;0;0;0;0;0;0;0;0;0;0;0;0;0;0;0;0;1;0;0;0;0;0;15
project_10;file_150;2017-06-20;table_54;0;0;0;0;0;0;0;0;0;0;0;0;0;0;0;0;0;0;0;1;1;0;0;0;0;0;32
project_10;file_150;2017-06-20;table_38;0;0;0;0;0;0;0;0;0;0;0;0;0;0;0;0;0;0;0;1;1;0;0;0;0;0;15
project_10;file_151;2017-06-22;table_55;0;2;0;0;0;1;0;0;0;0;0;0;0;0;0;0;0;0;0;0;2;0;0;0;0;0;34
project_10;file_151;2017-06-22;table_39;0;2;0;0;0;1;0;0;0;0;0;0;0;0;0;0;0;0;0;0;2;0;0;0;0;0;11
project_10;file_152;2017-07-21;table_53;0;1;0;0;0;0;0;0;0;0;0;0;0;0;0;0;0;0;0;0;1;0;0;0;0;0;8
project_10;file_152;2017-07-21;table_71;1;0;0;0;0;0;0;0;0;1;0;2;0;0;0;0;0;2;0;0;0;0;0;0;0;0;3
project_10;file_153;2017-08-02;table_54;0;3;0;0;0;0;0;0;0;0;0;0;0;0;0;0;0;0;0;0;0;0;0;0;0;0;32
project_10;file_153;2017-08-02;table_76;1;0;0;0;0;0;0;0;0;1;0;2;0;0;0;0;0;2;0;0;0;0;0;0;0;0;3
project_10;file_153;2017-08-02;table_72;1;0;0;0;0;0;0;0;0;0;0;1;0;0;0;0;0;4;0;0;0;0;0;0;0;0;9
project_10;file_153;2017-08-02;table_33;0;1;0;0;0;0;0;0;0;0;0;0;0;0;0;0;0;0;0;0;1;0;0;0;0;0;3
project_10;file_153;2017-08-02;table_75;1;0;0;0;0;0;0;0;0;1;0;2;0;0;0;0;0;2;0;0;0;0;0;0;0;0;3
project_10;file_153;2017-08-02;table_73;1;3;0;0;0;0;0;0;0;0;0;4;0;0;0;0;0;5;0;0;0;0;0;0;0;0;7
project_10;file_153;2017-08-02;table_74;1;3;0;0;0;0;0;0;0;0;0;4;0;0;0;0;0;6;0;0;0;0;0;0;0;0;13
project_10;file_153;2017-08-02;table_38;0;3;0;0;0;0;0;0;0;0;0;0;0;0;0;0;0;0;0;0;0;0;0;0;0;0;15
project_10;file_153;2017-08-02;table_77;1;0;0;0;0;0;0;0;0;1;0;2;0;0;0;0;0;2;0;0;0;0;0;0;0;0;3
project_10;file_154;2017-08-07;table_54;0;3;0;0;0;0;0;0;0;0;0;0;0;0;0;0;0;0;0;0;3;0;0;0;0;0;32
project_10;file_154;2017-08-07;table_55;0;1;0;0;0;0;0;0;0;0;0;0;0;0;0;0;0;0;0;0;1;0;0;0;0;0;34
project_10;file_154;2017-08-07;table_38;0;3;0;0;0;0;0;0;0;0;0;0;0;0;0;0;0;0;0;0;3;0;0;0;0;0;15
project_10;file_154;2017-08-07;table_39;0;1;0;0;0;0;0;0;0;0;0;0;0;0;0;0;0;0;0;0;1;0;0;0;0;0;11
project_10;file_155;2017-08-26;table_79;1;0;0;0;0;0;0;0;0;1;0;2;0;0;0;0;0;2;0;0;0;0;0;0;0;0;3
project_10;file_155;2017-08-26;table_78;1;0;0;0;0;0;0;0;0;0;0;0;0;0;0;0;0;0;0;0;0;0;0;0;0;0;7
project_10;file_155;2017-08-26;table_74;0;2;0;0;0;0;0;0;0;0;0;1;0;0;0;0;0;1;0;0;0;0;0;0;0;0;13
project_10;file_156;2017-09-17;table_80;1;0;0;0;0;0;0;0;0;1;0;2;0;0;0;0;0;2;0;0;0;0;0;0;0;0;3
project_10;file_157;2017-11-07;table_55;0;1;0;0;0;0;0;0;0;0;0;0;0;0;0;0;0;0;0;0;1;0;0;0;0;0;34
project_10;file_157;2017-11-07;table_39;0;1;0;0;0;0;0;0;0;0;0;0;0;0;0;0;0;0;0;0;1;0;0;0;0;0;11
project_10;file_158;2017-11-07;table_74;0;4;0;0;0;0;0;0;0;0;0;1;0;0;0;0;0;1;0;0;1;0;0;1;0;0;13
project_10;file_158;2017-11-07;table_81;1;0;0;0;0;0;0;0;0;0;0;0;0;0;0;0;0;0;0;0;0;0;0;0;0;0;5
project_10;file_159;2017-11-07;table_74;0;0;0;0;0;1;0;2;0;0;0;0;0;0;0;0;0;0;0;0;0;0;0;0;0;0;13
project_10;file_160;2017-11-28;table_55;0;1;0;0;0;0;0;0;0;0;0;0;0;0;0;0;0;0;0;0;1;0;0;0;0;0;34
project_10;file_160;2017-11-28;table_39;0;1;0;0;0;0;0;0;0;0;0;0;0;0;0;0;0;0;0;0;1;0;0;0;0;0;11
project_10;file_161;2017-11-28;table_55;0;0;0;0;0;1;1;0;0;0;0;0;0;0;0;0;0;0;0;0;0;0;0;0;0;0;34
project_10;file_161;2017-11-28;table_39;0;0;0;0;0;1;1;0;0;0;0;0;0;0;0;0;0;0;0;0;0;0;0;0;0;0;11
project_10;file_162;2018-01-04;table_55;0;1;0;0;0;1;0;0;0;0;0;0;0;0;0;0;0;0;0;0;0;0;0;0;0;0;34
project_10;file_162;2018-01-04;table_39;0;1;0;0;0;1;0;0;0;0;0;0;0;0;0;0;0;0;0;0;0;0;0;0;0;0;11
project_10;file_163;2018-02-06;table_54;0;1;0;0;0;2;1;0;0;0;0;0;0;0;0;0;0;0;0;1;1;0;0;0;0;0;32
project_10;file_163;2018-02-06;table_34;0;3;0;0;0;0;0;0;0;0;0;0;0;0;0;0;0;0;0;0;3;0;0;0;0;0;10
project_10;file_163;2018-02-06;table_63;0;3;0;0;0;0;0;0;0;0;0;0;0;0;0;0;0;0;0;0;3;0;0;0;0;0;30
project_10;file_163;2018-02-06;table_38;0;1;0;0;0;2;1;0;0;0;0;0;0;0;0;0;0;0;0;1;1;0;0;0;0;0;15
project_10;file_164;2018-03-19;table_54;0;0;0;0;0;0;1;0;0;0;0;0;0;0;0;0;0;0;0;0;0;0;0;0;0;0;32
project_10;file_164;2018-03-19;table_55;0;0;0;0;0;0;1;0;0;0;0;0;0;0;0;1;0;0;0;0;0;0;0;0;0;0;34
project_10;file_164;2018-03-19;table_38;0;0;0;0;0;0;1;0;0;0;0;0;0;0;0;0;0;0;0;0;0;0;0;0;0;0;15
project_10;file_164;2018-03-19;table_39;0;0;0;0;0;0;1;0;0;0;0;0;0;0;0;1;0;0;0;0;0;0;0;0;0;0;11
project_10;file_165;2018-03-23;table_34;0;1;0;0;0;0;0;0;0;0;0;0;0;0;0;0;0;0;0;0;1;0;0;0;0;0;10
project_10;file_165;2018-03-23;table_63;0;1;0;0;0;0;0;0;0;0;0;0;0;0;0;0;0;0;0;0;1;0;0;0;0;0;30
project_10;file_166;2018-03-28;table_38;0;0;0;0;0;0;0;1;0;0;0;0;0;0;0;0;0;0;0;0;0;0;0;0;0;0;15
project_10;file_167;2018-05-02;table_29;0;1;0;0;0;0;0;0;0;0;0;0;0;0;0;0;0;0;0;0;0;0;0;0;0;0;11
project_10;file_168;2018-09-04;table_48;0;0;0;1;0;0;0;0;0;0;0;0;0;0;0;0;0;0;0;0;0;0;0;0;0;0;2
project_10;file_168;2018-09-04;table_34;0;0;0;0;0;1;0;0;0;0;0;0;0;0;0;0;0;0;0;0;0;0;0;0;0;0;10
project_10;file_168;2018-09-04;table_63;0;0;0;0;0;1;0;0;0;0;0;0;0;0;0;0;0;0;0;0;0;0;0;0;0;0;30
project_10;file_168;2018-09-04;table_49;0;0;0;1;0;0;0;0;0;0;0;0;0;0;0;0;0;0;0;0;0;0;0;0;0;0;3
project_10;file_168;2018-09-04;table_58;0;0;0;1;0;0;0;0;0;0;0;0;0;0;0;0;0;0;0;0;0;0;0;0;0;0;2
project_10;file_169;2018-09-04;table_34;0;1;0;0;0;0;0;0;0;0;0;0;0;0;0;0;0;0;0;0;0;0;0;0;0;0;10
project_10;file_169;2018-09-04;table_63;0;1;0;0;0;0;0;0;0;0;0;0;0;0;0;0;0;0;0;0;0;0;0;0;0;0;30
project_10;file_170;2018-09-04;table_54;0;0;0;1;0;6;0;0;0;0;0;0;0;0;0;0;0;0;0;0;0;0;0;0;0;0;32
project_10;file_170;2018-09-04;table_55;0;0;0;1;0;3;0;0;0;0;0;0;0;0;0;0;0;0;0;0;0;0;0;0;0;0;34
project_10;file_170;2018-09-04;table_72;0;0;0;1;0;3;0;0;0;0;0;0;0;0;0;0;0;0;0;0;0;0;0;0;0;0;9
project_10;file_170;2018-09-04;table_63;0;0;0;1;0;2;0;0;0;0;0;0;0;0;0;0;0;0;0;0;0;0;0;0;0;0;30
project_10;file_170;2018-09-04;table_70;0;0;0;1;0;3;0;0;0;0;0;0;0;0;0;0;0;0;0;0;0;0;0;0;0;0;11
project_10;file_171;2018-09-04;table_34;0;0;0;0;0;0;0;1;0;0;0;0;0;0;0;0;0;0;0;0;1;0;0;0;0;0;10
project_10;file_172;2018-09-04;table_39;0;3;0;0;0;0;0;0;0;0;0;0;0;0;0;0;0;0;0;0;1;0;0;0;0;0;11
project_10;file_173;2018-09-18;table_82;1;0;0;0;0;0;0;0;0;0;0;2;0;0;0;0;0;2;0;0;0;0;0;0;0;0;5
project_10;file_174;2018-10-01;table_83;1;0;0;0;0;0;0;0;0;0;0;2;0;0;0;0;0;2;0;0;0;0;0;0;0;0;6
project_10;file_175;2018-10-17;table_39;0;0;0;0;0;0;0;0;0;0;0;0;0;0;0;0;0;0;0;1;1;0;0;0;0;0;11
project_10;file_176;2018-10-27;table_74;0;0;0;0;0;1;0;0;0;0;0;0;0;0;0;0;0;0;0;0;0;0;0;0;0;0;13
project_10;file_176;2018-10-27;table_79;0;0;0;1;0;0;0;0;0;0;0;0;0;0;0;0;0;0;0;0;0;0;0;0;0;0;3
project_10;file_176;2018-10-27;table_78;0;0;0;1;0;0;0;0;0;0;0;0;0;0;0;0;0;0;0;0;0;0;0;0;0;0;7
project_10;file_177;2018-11-30;table_38;0;0;0;0;0;1;0;0;0;0;0;0;0;0;0;0;0;0;0;0;0;0;0;0;0;0;15
project_10;file_178;2018-11-30;table_34;0;4;0;0;0;0;0;0;0;0;0;0;0;0;0;0;0;0;0;0;4;0;0;0;0;0;10
project_10;file_178;2018-11-30;table_47;0;0;0;0;0;0;0;0;0;0;0;0;0;0;0;0;0;0;0;0;0;0;0;1;0;0;4
project_10;file_178;2018-11-30;table_85;1;2;0;0;0;0;0;0;0;1;0;2;0;0;0;0;0;2;0;0;0;0;0;0;0;0;1
project_10;file_178;2018-11-30;table_84;1;5;0;0;0;0;0;0;0;0;0;5;0;0;0;0;0;5;0;0;0;0;0;0;0;0;15
project_10;file_178;2018-11-30;table_39;0;1;0;0;0;0;0;0;0;0;0;0;0;0;0;0;0;0;0;0;1;0;0;0;0;0;11
project_10;file_179;2019-01-17;table_29;0;1;0;0;0;0;0;0;0;0;0;0;0;0;0;0;0;0;0;0;1;0;0;0;0;0;11
project_10;file_180;2019-02-04;table_38;0;1;0;0;0;0;0;0;0;0;0;2;1;0;0;0;0;1;0;0;0;0;0;0;0;0;15
project_10;file_181;2019-03-01;table_68;0;0;0;1;0;0;0;0;0;0;0;0;0;0;0;0;0;0;0;0;0;0;0;0;0;0;3
project_10;file_181;2019-03-01;table_39;0;1;0;0;0;1;0;0;0;0;0;0;0;0;0;0;0;0;0;0;1;0;0;0;0;0;11
project_10;file_182;2019-03-01;table_34;0;0;0;0;0;1;0;0;0;0;0;0;0;0;0;0;0;0;0;0;0;0;0;0;0;0;10
project_10;file_182;2019-03-01;table_85;0;2;0;0;0;0;0;0;0;0;0;0;0;0;0;0;0;0;0;0;2;0;0;0;0;0;1
project_10;file_183;2019-03-29;table_35;0;1;0;0;0;0;0;0;0;0;0;1;0;0;0;0;0;1;0;0;0;0;0;0;0;0;3
project_10;file_184;2019-04-01;table_35;0;0;0;0;0;0;0;0;0;1;0;0;0;0;0;0;0;0;0;0;0;0;0;0;0;0;3
project_10;file_185;2019-04-23;table_33;0;0;0;0;0;1;0;0;0;0;0;0;0;0;0;0;0;0;0;0;0;0;0;0;0;0;3
project_10;file_186;2019-05-02;table_86;1;0;0;0;0;0;0;0;0;0;0;0;0;0;0;0;0;0;0;0;0;0;0;0;0;0;2
project_10;file_187;2019-05-27;table_84;0;1;0;0;0;0;0;0;0;0;0;0;0;0;0;0;0;0;0;0;1;0;0;0;0;0;15
project_10;file_188;2019-05-27;table_84;0;0;0;0;0;2;0;0;0;0;0;0;0;0;0;0;0;0;0;0;0;0;0;0;0;0;15
project_10;file_189;2019-05-27;table_34;0;3;0;0;0;0;0;0;0;0;0;0;0;0;0;0;0;0;0;0;0;0;0;0;0;0;10
project_10;file_190;2019-07-23;table_29;0;0;0;0;0;0;0;0;0;0;0;0;0;0;0;0;0;0;0;0;0;0;0;1;0;0;11
project_10;file_191;2019-07-31;table_87;1;0;0;0;0;0;0;0;0;0;0;1;0;0;0;0;0;0;0;0;0;0;0;0;0;0;4
project_10;file_192;2019-08-02;table_84;0;1;0;0;0;0;0;0;0;0;0;0;0;0;0;0;0;0;0;0;1;0;0;0;0;0;15
project_10;file_193;2019-08-02;table_88;1;1;0;0;0;0;0;0;0;0;0;1;0;0;0;0;0;1;0;0;0;0;0;0;0;0;5
project_10;file_193;2019-08-02;table_89;1;0;0;0;0;0;0;0;0;0;0;1;0;0;0;0;0;1;0;0;0;0;0;0;0;0;6
project_10;file_194;2019-08-13;table_83;0;2;0;0;0;0;0;0;0;0;0;0;0;0;0;0;0;0;0;0;2;0;0;0;0;0;6
project_10;file_195;2019-09-17;table_39;0;0;0;0;0;0;0;1;0;0;0;0;0;0;0;0;0;0;0;0;0;0;0;0;0;0;11
project_10;file_196;2019-10-31;table_34;0;1;0;0;0;0;0;0;0;0;0;0;0;0;0;0;0;0;0;0;0;0;0;0;0;0;10
project_10;file_197;2019-12-03;table_90;1;0;0;0;0;0;0;0;0;0;0;0;0;0;0;0;0;0;0;0;0;0;0;0;0;0;6
project_10;file_198;2019-12-10;table_91;1;0;0;0;0;0;0;0;0;1;0;2;0;0;0;0;0;2;0;0;0;0;0;0;0;0;3
project_10;file_198;2019-12-10;table_34;0;0;0;0;0;0;0;0;0;0;0;0;0;0;0;0;0;0;0;1;1;0;0;0;0;0;10
project_10;file_199;2020-02-19;table_89;0;1;0;0;0;0;0;0;0;0;0;0;0;0;0;0;0;0;0;0;1;0;0;0;0;0;6
project_10;file_200;2020-02-29;table_92;1;0;0;0;0;0;0;0;0;0;0;1;0;0;0;0;0;2;0;0;0;0;0;0;0;0;5
project_10;file_201;2020-03-05;table_92;0;0;0;0;0;0;0;0;0;1;0;0;0;0;0;0;0;0;0;0;0;0;0;0;0;0;5
project_10;file_202;2020-03-16;table_39;0;1;0;0;0;0;0;0;0;0;0;0;0;0;0;0;0;0;0;0;1;0;0;0;0;0;11
project_10;file_203;2020-04-02;table_93;1;0;0;0;0;0;0;0;0;1;0;1;0;0;0;0;0;0;0;0;0;0;0;0;0;0;3
project_10;file_204;2020-04-06;table_38;0;2;0;0;0;0;0;0;0;0;0;0;0;0;0;0;0;0;0;0;2;0;0;0;0;0;15
project_10;file_204;2020-04-06;table_39;0;1;0;0;0;0;0;0;0;0;0;0;0;0;0;0;0;0;0;0;1;0;0;0;0;0;11
project_10;file_205;2020-04-23;table_36;0;1;0;0;0;0;0;0;0;0;0;1;0;0;0;0;0;1;0;0;0;0;0;0;0;0;3
project_10;file_205;2020-04-23;table_94;1;0;0;0;0;0;0;0;0;1;0;2;0;0;0;0;0;2;0;0;0;0;0;0;0;0;4
project_10;file_205;2020-04-23;table_35;0;1;0;0;0;0;0;0;0;0;0;1;0;0;0;0;0;1;0;0;0;0;0;0;0;0;3
project_10;file_206;2020-04-23;table_33;0;0;0;0;0;2;0;0;0;0;0;0;0;0;0;0;0;0;0;0;0;0;0;0;0;0;3
project_10;file_206;2020-04-23;table_36;0;0;0;0;0;1;0;0;0;1;0;0;0;0;0;0;0;0;0;0;0;0;0;0;0;0;3
project_10;file_206;2020-04-23;table_41;0;0;0;1;0;2;0;0;0;1;0;0;0;0;0;0;0;0;0;0;0;0;0;0;0;0;3
project_10;file_206;2020-04-23;table_35;0;0;0;0;0;1;0;0;0;1;0;0;0;0;0;0;0;0;0;0;0;0;0;0;0;0;3
project_10;file_207;2020-04-29;table_37;0;2;0;0;0;0;0;0;0;0;0;0;0;0;0;0;0;0;0;0;2;0;0;0;0;0;3
project_10;file_208;2020-08-11;table_34;0;0;0;0;0;0;0;1;0;0;0;0;0;0;0;1;0;0;0;0;0;0;0;0;0;0;10
project_10;file_209;2020-08-31;table_38;0;3;0;0;0;0;0;0;0;0;0;0;0;0;0;0;0;0;0;0;3;0;0;0;0;0;15
project_10;file_209;2020-08-31;table_39;0;2;0;0;0;0;0;0;0;0;0;0;0;0;0;0;0;0;0;0;2;0;0;0;0;0;11
project_10;file_210;2020-09-01;table_29;0;0;0;0;0;0;0;0;0;0;0;0;0;0;0;0;0;0;0;1;1;0;0;0;0;0;11
project_10;file_210;2020-09-01;table_89;0;1;0;0;0;0;0;0;0;0;0;0;0;0;0;0;0;0;0;0;1;0;0;0;0;0;6
project_10;file_211;2020-09-28;table_96;1;0;0;0;0;0;0;0;0;0;0;1;0;0;0;0;0;1;0;0;0;0;0;0;0;0;7
project_10;file_211;2020-09-28;table_95;1;1;0;0;0;0;0;0;0;0;0;1;0;0;0;0;0;1;0;0;0;0;0;0;0;0;9
project_10;file_212;2020-09-28;table_34;0;0;0;0;0;7;0;0;0;0;0;0;0;0;0;0;0;0;0;0;0;0;0;0;0;0;10
project_10;file_213;2020-10-05;table_96;0;0;0;0;0;0;0;1;0;0;0;0;0;0;0;0;0;0;0;0;0;0;0;0;0;0;7
project_10;file_214;2020-11-04;table_96;0;0;0;0;0;0;0;1;0;0;0;0;0;0;0;0;0;0;0;0;1;0;0;0;0;0;7
project_10;file_215;2020-11-12;table_38;0;2;0;0;0;0;0;0;0;0;0;0;0;0;0;0;0;0;0;0;2;0;0;0;0;0;15
project_10;file_215;2020-11-12;table_39;0;1;0;0;0;0;0;0;0;0;0;0;0;0;0;0;0;0;0;0;1;0;0;0;0;0;11
project_10;file_216;2020-12-03;table_38;0;0;0;0;0;0;0;0;0;0;0;0;0;0;0;0;0;1;0;0;0;0;0;0;0;0;15
project_11;file_217;2020-04-02;table_107;1;0;0;0;0;0;0;0;0;1;0;2;0;0;0;0;0;2;0;0;0;0;0;0;0;0;3
project_11;file_217;2020-04-02;table_103;1;0;0;0;0;0;0;0;0;1;0;2;0;0;0;0;0;2;0;0;0;0;0;0;0;0;3
project_11;file_217;2020-04-02;table_104;1;0;0;0;0;0;0;0;0;0;0;0;0;0;0;0;0;0;0;0;0;0;0;0;0;0;2
project_11;file_217;2020-04-02;table_106;1;0;0;0;0;0;0;0;0;1;0;2;0;0;0;0;0;2;0;0;0;0;0;0;0;0;3
project_11;file_217;2020-04-02;table_108;1;0;0;0;0;0;0;0;0;1;0;2;0;0;0;0;0;2;0;0;0;0;0;0;0;0;3
project_11;file_217;2020-04-02;table_99;1;3;0;0;0;0;0;0;0;0;0;3;0;0;0;0;0;3;0;0;0;0;0;0;0;0;7
project_11;file_217;2020-04-02;table_100;1;0;0;0;0;0;0;0;0;1;0;2;0;0;0;0;0;2;0;0;0;0;0;0;0;0;3
project_11;file_217;2020-04-02;table_111;1;0;0;0;0;0;0;0;0;1;0;2;0;0;0;0;0;2;0;0;0;0;0;0;0;0;3
project_11;file_217;2020-04-02;table_101;1;0;0;0;0;0;0;0;0;0;0;0;0;0;0;0;0;0;0;0;0;0;0;0;0;0;2
project_11;file_217;2020-04-02;table_102;1;0;0;0;0;0;0;0;0;0;0;2;0;0;0;0;0;2;0;0;0;0;0;0;0;0;7
project_11;file_217;2020-04-02;table_98;1;0;0;0;0;0;0;0;0;0;0;0;0;0;0;0;0;0;0;0;0;0;0;0;0;0;2
project_11;file_217;2020-04-02;table_109;1;0;0;0;0;0;0;0;0;1;0;2;0;0;0;0;0;2;0;0;0;0;0;0;0;0;3
project_11;file_217;2020-04-02;table_112;1;0;0;0;0;0;0;0;0;1;0;2;0;0;0;0;0;2;0;0;0;0;0;0;0;0;3
project_11;file_217;2020-04-02;table_110;1;0;0;0;0;0;0;0;0;1;0;2;0;0;0;0;0;2;0;0;0;0;0;0;0;0;3
project_11;file_217;2020-04-02;table_105;1;0;0;0;0;0;0;0;0;0;0;1;0;0;0;0;0;0;0;0;0;0;0;0;0;0;3
project_11;file_217;2020-04-02;table_97;1;1;0;0;0;0;0;0;0;0;0;1;0;0;0;0;0;1;0;0;0;0;0;0;0;0;7
project_12;file_218;2015-12-24;table_121;1;0;0;0;0;0;0;0;0;0;0;5;0;0;0;0;0;9;0;0;0;0;0;0;0;0;21
project_12;file_218;2015-12-24;table_116;1;3;0;0;0;0;0;0;0;1;0;4;0;0;0;0;0;4;0;0;0;0;0;0;0;0;4
project_12;file_218;2015-12-24;table_114;1;3;0;0;0;0;0;0;0;0;0;4;0;0;0;0;0;4;0;0;0;0;0;0;0;0;9
project_12;file_218;2015-12-24;table_122;1;0;0;0;0;0;0;0;0;1;0;2;0;0;0;0;0;2;0;0;0;0;0;0;0;0;3
project_12;file_218;2015-12-24;table_117;1;0;0;0;0;0;0;0;0;0;0;5;0;0;0;0;0;9;0;0;0;0;0;0;0;0;22
project_12;file_218;2015-12-24;table_119;1;0;0;0;0;0;0;0;0;1;0;2;0;0;0;0;0;2;0;0;0;0;0;0;0;0;3
project_12;file_218;2015-12-24;table_124;1;0;0;0;0;0;0;0;0;1;0;2;0;0;0;0;0;2;0;0;0;0;0;0;0;0;3
project_12;file_218;2015-12-24;table_115;1;1;0;0;0;0;0;0;0;1;0;1;0;0;0;0;0;1;0;0;0;0;0;0;0;0;11
project_12;file_218;2015-12-24;table_113;1;0;0;0;0;0;0;0;0;0;0;0;0;0;0;0;0;1;0;0;0;0;0;0;0;0;5
project_12;file_218;2015-12-24;table_123;1;0;0;0;0;0;0;0;0;1;0;2;0;0;0;0;0;2;0;0;0;0;0;0;0;0;3
project_12;file_218;2015-12-24;table_120;1;0;0;0;0;0;0;0;0;0;0;0;0;0;0;0;0;1;0;0;0;0;0;0;0;0;5
project_12;file_218;2015-12-24;table_118;1;0;0;0;0;0;0;0;0;1;0;2;0;0;0;0;0;2;0;0;0;0;0;0;0;0;3
project_12;file_218;2015-12-24;table_125;1;0;0;0;0;0;0;0;0;0;0;1;0;0;0;0;0;6;0;0;0;0;0;0;0;0;8
project_12;file_219;2016-05-30;table_121;0;0;0;0;0;0;0;0;0;0;0;0;0;0;0;0;0;0;0;1;1;0;0;0;0;0;21
project_12;file_219;2016-05-30;table_117;0;0;0;0;0;0;0;0;0;0;0;0;0;0;0;0;0;0;0;1;1;0;0;0;0;0;22
project_12;file_220;2016-07-18;table_117;0;1;0;0;0;0;0;0;0;0;0;0;0;0;0;0;0;0;0;0;0;0;0;0;0;0;22
project_12;file_221;2016-07-24;table_126;1;0;0;0;0;0;0;0;0;1;0;2;0;0;0;0;0;2;0;0;0;0;0;0;0;0;3
project_12;file_222;2016-07-25;table_127;1;0;0;0;0;0;0;0;0;1;0;2;0;0;0;0;0;2;0;0;0;0;0;0;0;0;3
project_12;file_222;2016-07-25;table_126;0;0;0;0;0;0;0;0;0;0;0;2;2;0;0;0;0;0;0;0;0;0;0;0;0;0;3
project_12;file_223;2016-07-25;table_127;0;0;0;0;0;0;0;0;0;0;0;2;2;0;0;0;0;0;0;0;0;0;0;0;0;0;3
project_12;file_223;2016-07-25;table_126;0;0;0;0;0;0;0;0;0;0;0;2;2;0;0;0;0;0;0;0;0;0;0;0;0;0;3
project_12;file_224;2016-08-19;table_128;1;0;0;0;0;0;0;0;0;0;0;1;0;0;0;0;0;11;0;0;0;0;0;0;0;0;27
project_12;file_225;2016-12-30;table_128;0;2;0;0;0;1;0;0;0;0;0;0;0;0;0;0;0;0;0;0;0;0;0;0;0;0;27
project_12;file_225;2016-12-30;table_121;0;2;0;0;0;0;0;0;0;0;0;0;0;0;0;0;0;0;0;0;0;0;0;0;0;0;21
project_12;file_225;2016-12-30;table_117;0;2;0;0;0;1;0;0;0;0;0;0;0;0;0;0;0;0;0;0;0;0;0;0;0;0;22
project_12;file_225;2016-12-30;table_129;1;0;0;0;0;0;0;0;0;1;0;2;0;0;0;0;0;2;0;0;0;0;0;0;0;0;3
project_12;file_226;2017-03-20;table_115;0;1;0;0;0;0;0;0;0;0;0;0;0;0;0;0;0;0;0;0;1;0;0;0;0;0;11
project_12;file_227;2017-12-12;table_115;0;1;0;0;0;0;0;0;0;0;0;0;0;0;0;0;0;0;0;0;1;0;0;0;0;0;11
project_12;file_228;2018-01-05;table_115;0;1;0;0;0;0;0;0;0;0;0;0;0;0;0;0;0;0;0;0;1;0;0;0;0;0;11
project_12;file_228;2018-01-05;table_121;0;1;0;0;0;0;0;0;0;0;0;0;0;0;0;0;0;0;0;0;1;0;0;0;0;0;21
project_12;file_229;2018-10-27;table_113;0;0;0;0;0;1;0;0;0;0;0;0;0;0;0;0;0;0;0;0;0;0;0;0;0;0;5
project_12;file_230;2018-12-26;table_121;0;1;0;0;0;1;0;6;0;0;0;1;0;0;0;0;0;1;0;0;0;0;0;0;0;0;21
project_12;file_230;2018-12-26;table_117;0;0;0;0;0;1;0;6;0;0;0;1;1;0;0;0;0;0;0;0;0;0;0;0;0;0;22
project_12;file_230;2018-12-26;table_128;0;0;0;0;0;1;0;6;0;0;0;0;0;0;0;0;0;0;0;0;0;0;0;0;0;0;27
project_12;file_230;2018-12-26;table_127;0;0;0;0;0;0;0;0;0;0;0;2;2;0;0;0;0;0;0;0;0;0;0;0;0;0;3
project_12;file_230;2018-12-26;table_115;0;0;0;0;0;3;0;0;0;0;0;0;0;0;0;0;0;0;0;0;0;0;0;0;0;0;11
project_12;file_230;2018-12-26;table_113;0;0;0;0;0;1;0;0;0;0;0;0;0;0;0;0;0;0;0;0;0;0;0;0;0;0;5
project_12;file_230;2018-12-26;table_120;0;0;0;0;0;2;0;0;0;0;0;0;0;0;0;0;0;0;0;0;0;0;0;0;0;0;5
project_12;file_230;2018-12-26;table_125;0;0;0;0;0;0;0;0;0;0;0;1;1;0;0;0;0;0;0;0;0;0;0;0;0;0;8
project_12;file_231;2018-12-26;table_131;1;0;0;0;0;0;0;0;0;1;0;2;0;0;0;0;0;2;0;0;0;0;0;0;0;0;3
project_12;file_231;2018-12-26;table_130;1;4;0;0;0;0;0;0;0;1;0;4;0;0;0;0;0;4;0;0;0;0;0;0;0;0;5
project_12;file_231;2018-12-26;table_132;1;0;0;0;0;0;0;0;0;1;0;2;0;0;0;0;0;2;0;0;0;0;0;0;0;0;3
project_12;file_231;2018-12-26;table_121;0;0;0;0;0;2;0;0;0;0;0;0;0;0;0;0;0;0;0;0;0;0;0;0;0;0;21
project_12;file_232;2019-04-16;table_128;0;0;0;0;0;0;0;1;0;0;0;0;0;0;0;0;0;0;0;0;0;0;0;0;0;0;27
project_12;file_232;2019-04-16;table_121;0;0;0;0;0;0;0;1;0;0;0;0;0;0;0;0;0;0;0;0;0;0;0;0;0;0;21
project_12;file_232;2019-04-16;table_117;0;0;0;0;0;0;0;1;0;0;0;0;0;0;0;0;0;0;0;0;0;0;0;0;0;0;22
project_12;file_233;2019-09-02;table_113;0;0;0;0;1;0;0;0;0;0;0;0;0;0;0;0;0;0;0;0;0;0;0;0;0;0;5
project_12;file_234;2019-09-02;table_115;0;0;0;0;0;2;0;0;0;0;0;0;0;0;0;0;0;0;0;0;0;0;0;0;0;0;11
project_12;file_235;2019-09-02;table_128;0;1;0;0;0;0;0;0;0;0;0;0;0;0;0;0;0;0;0;0;0;0;0;0;0;0;27
project_12;file_235;2019-09-02;table_117;0;1;0;0;0;0;0;0;0;0;0;0;0;0;0;0;0;0;0;0;0;0;0;0;0;0;22
project_12;file_236;2019-09-02;table_115;0;0;0;0;0;1;0;0;0;0;0;0;0;0;0;0;0;0;0;0;0;0;0;0;0;0;11
project_12;file_237;2019-09-02;table_128;0;0;0;1;0;6;0;0;0;0;0;0;0;0;0;0;0;0;0;0;0;0;0;0;0;0;27
project_12;file_237;2019-09-02;table_115;0;0;0;0;0;1;0;0;0;0;0;0;0;0;0;0;0;0;0;0;0;0;0;0;0;0;11
project_12;file_237;2019-09-02;table_114;0;0;0;1;0;4;0;0;0;0;0;0;0;0;0;0;0;0;0;0;0;0;0;0;0;0;9
project_12;file_238;2019-09-10;table_133;1;0;0;0;0;0;0;0;0;0;0;3;0;0;0;0;0;3;0;0;0;0;0;0;0;0;7
project_12;file_238;2019-09-10;table_134;1;0;0;0;0;0;0;0;0;0;0;1;0;0;0;0;0;1;0;0;0;0;0;0;0;0;5
project_12;file_238;2019-09-10;table_135;1;0;0;0;0;0;0;0;0;0;0;1;0;0;0;0;0;1;0;0;0;0;0;0;0;0;4
project_12;file_239;2019-09-10;table_133;0;1;0;0;0;0;0;0;0;0;0;0;0;0;0;0;0;0;0;0;1;0;0;0;0;0;7
project_12;file_240;2019-09-27;table_136;1;0;0;0;0;0;0;0;0;0;0;1;0;0;0;0;0;0;0;0;0;0;0;0;0;0;2
project_12;file_241;2020-06-05;table_137;1;0;0;0;0;0;0;0;0;1;0;2;0;0;0;0;0;2;0;0;0;0;0;0;0;0;3
project_12;file_241;2020-06-05;table_121;0;1;0;0;0;0;0;0;0;0;0;0;0;0;0;0;0;0;0;0;0;0;0;0;0;0;21
project_13;file_242;2016-02-24;table_138;1;0;0;0;0;0;0;0;0;0;0;2;0;0;0;0;0;2;0;0;0;0;0;0;0;0;6
project_13;file_242;2016-02-24;table_139;1;0;0;0;0;0;0;0;0;0;0;2;0;0;0;0;0;2;0;0;0;0;0;0;0;0;6
project_13;file_242;2016-02-24;table_140;1;0;0;0;0;0;0;0;0;1;0;2;0;0;0;0;0;2;0;0;0;0;0;0;0;0;3
project_13;file_243;2018-04-04;table_138;0;0;0;0;0;0;0;1;0;0;0;0;0;0;0;0;0;0;0;0;0;0;0;0;0;0;6
project_13;file_244;2018-12-26;table_139;0;0;0;0;0;0;0;0;0;0;0;0;0;0;0;0;0;0;0;1;1;0;0;0;0;0;6
project_13;file_245;2020-05-11;table_138;0;1;0;0;0;0;0;0;0;0;0;0;0;0;0;0;0;0;0;0;0;0;0;0;0;0;6
project_13;file_246;2020-08-25;table_138;0;1;0;0;0;0;0;0;0;0;0;0;0;0;0;0;0;0;0;1;2;0;0;0;0;0;6
project_13;file_247;2020-09-03;table_138;0;0;0;0;0;0;0;1;0;0;0;0;0;0;0;0;0;0;0;0;0;0;0;0;0;0;6
